Object Name,Kinetic Energy (Megatons)
Tsar Bomba,54.0
Castle Bravo,15.0
Ivy Mike,10.4
Castle Romeo,11.0
1999 JM8,0.25417878864004756
2001 XU10,0.09290081026796962
2004 LJ1,0.06660379130261818
2005 NZ6,0.041352846961324984
2004 QY2,0.038923516199475684
2008 OB9,0.027486581823745238
2003 YT1,0.01671410185969566
2004 TG10,0.015290795825876774
2016 AJ193,0.010234059366629461
1996 EN,0.008800180238123997
2002 QF15,0.008289783062138345
1999 NC43,0.007255228992001152
2009 KC3,0.0068420020833477365
2010 JL33,0.006312099804689069
2002 LV,0.006151892001803029
2000 WO67,0.00590826632114026
2001 SN289,0.005604405709959271
1998 OH,0.005422459025609348
1950 DA,0.005400132531313746
2002 FB3,0.004997213563339945
1991 CS,0.00426190076399164
2012 LZ1,0.003943554348377672
2002 SY50,0.003674214766921267
1999 JD6,0.00358632020963707
1998 KN3,0.0034373267511520864
2004 XK50,0.003214630483905316
1989 JA,0.003144890428357906
1999 KW4,0.0030903829224151473
2015 KL157,0.00278310081176144
2011 GS60,0.0026925495421340415
2004 MX2,0.002643800198540708
1994 PC1,0.0025920815652504367
2002 PD43,0.00229674476978296
1991 AQ,0.002167726523156826
2014 SR339,0.002014287228642859
2004 VC,0.001995952177040378
1993 DQ1,0.001972760719706324
2004 XN50,0.0019103027558515697
2010 DM,0.0018378046861007825
2012 UR158,0.0018065172141176718
2007 WV4,0.001749032471027411
1998 OR2,0.0017365140105827911
2011 WO4,0.0017003708792625966
2006 DP14,0.001624631691621102
2003 CA,0.0014811768274716802
2003 UC20,0.0014535986818645882
1999 XK136,0.0014326247499608187
2003 WG,0.0014299650344306487
2015 HX176,0.0014099438101075217
2007 PF28,0.0013954020591724606
2003 CR20,0.001368638909291008
1998 HJ3,0.0013627684289558007
2000 JE5,0.0013009784749083452
2014 KP4,0.0012651814635800793
1996 RG3,0.001223560560061804
2002 CY9,0.001166275676972621
2016 MK1,0.0011583809484142947
2002 YP2,0.0010985503325768168
2005 XJ8,0.0010873857983138722
2016 NT22,0.0010574813187827295
2006 GY2,0.0010470594404429158
1998 QA62,0.0010404850934841161
1996 FG3,0.001037558631699166
2014 OX299,0.0010321287277474914
2007 EL88,0.00102680406986662
2011 WN15,0.0009980913120919907
2010 TU149,0.0009975313310362005
2014 CY4,0.0009956320885605083
1997 GL3,0.000993706051282051
2009 BJ58,0.000985367880150206
2016 CA136,0.0009742110459743181
2003 FH,0.000941144720493869
2011 EF17,0.0009266889844416237
2002 NY40,0.0009213990782829215
2005 GC120,0.0009164145444439036
2002 FG7,0.0008792541589451756
2001 EB18,0.0008694779895257585
2001 FO32,0.000851533398531536
2011 JR13,0.0008250885781979864
2015 UM67,0.000798358936211867
2009 HV58,0.0007943682331949521
1996 JG,0.0007933765982059617
2016 PZ39,0.0007740283040702523
2012 FR1,0.0007703434597405381
1992 SK,0.0007484990734761185
2015 DU180,0.0007444263743373488
2012 TO139,0.0007432806089565777
2016 CW137,0.0007328309102742197
2003 YM137,0.0007256816542796046
1991 EE,0.0007110208032602422
2014 NK52,0.0006892729077010942
2011 AM12,0.0006823588678862547
1994 XD,0.0006768366219523661
2005 EJ225,0.0006696691007807303
2003 EG16,0.0006524706392345509
2010 HQ80,0.0006484839081566748
2011 LC19,0.0006385411211308034
2015 TB145,0.0006346825297358647
2001 QL142,0.000627452337180182
2011 WR46,0.0006185687458230408
2011 OB,0.0005991319767499662
2006 SU19,0.0005984704569056581
2011 GM44,0.0005972192246509483
2001 KY66,0.0005876461296612762
2008 AH33,0.0005778938781689627
2012 DJ61,0.0005763485281064721
2005 PJ2,0.0005585167014107861
2000 UH1,0.0005560886291078566
2012 RG15,0.0005540061296291028
2009 CB3,0.000548282635911743
2010 MU112,0.0005422855635999253
2005 YU3,0.0005394830502948543
2011 SM68,0.0005314065831536405
2003 FG,0.0005273706005543421
1991 RB,0.0005101193072732918
2016 CU193,0.0004919168891698214
2002 PZ39,0.0004858217931556289
2010 JU39,0.0004815077691578899
2016 XP23,0.00047910123680197235
2011 KW15,0.00046801897058748175
2015 GZ13,0.0004679504678119643
2001 TD45,0.0004598864071965188
2002 KJ4,0.0004561162816071043
2015 AR45,0.00045198135706749206
2002 JQ9,0.00044814223095103445
2008 UU1,0.00044536613244083596
1998 FW4,0.00044367223130706616
1998 KJ9,0.00044252784530712086
1988 EG,0.0004304375782292313
1998 ST27,0.0004270310221950792
2013 EO126,0.0004257481797979525
2008 EE5,0.000422776740564334
1998 ML14,0.0004212841527443371
2016 CS29,0.000416371874593608
2007 YV29,0.00041567517241518343
2001 CV26,0.0004151077811359381
2007 ML24,0.000407565059117359
2000 WO107,0.000407530665214081
2001 KZ66,0.00040285776763602555
2002 NN4,0.0003998968630524632
2006 BC10,0.0003978101133835473
2004 BL86,0.00039636462491562577
2011 XA3,0.00039473112569942016
2005 LW39,0.0003940027573516123
1998 FH12,0.0003925141110056437
2007 NS4,0.0003908909147963307
2008 OO,0.0003895876951714501
2006 PY17,0.0003858209358198358
2012 PP28,0.0003858209358198358
2014 UR116,0.00038251687787632324
1998 MZ,0.0003811100680500036
2003 HF2,0.0003807707971174505
2003 AY2,0.000373543458276476
2007 LE,0.0003725345768211373
2006 JF42,0.00037172231280882686
2006 YT13,0.0003685844814161634
1999 MM,0.00035637518750773224
2014 QL433,0.0003472271817009875
1983 LC,0.0003455934632044829
2003 YK118,0.0003382993815393142
2008 SE85,0.00032931311903983254
2007 TA19,0.0003257032805073604
1994 NE,0.0003255990909997323
1995 YR1,0.00032429322696741277
2005 GU,0.00031951226872692254
2013 TE135,0.00031618528347427066
1999 XL136,0.00031548259534287527
2004 RZ164,0.0003126982662256688
2005 TF49,0.00031262879433679314
1999 RM45,0.0003074719089963587
2000 GK137,0.0003057253402058039
2009 LW2,0.0003029186178460955
2000 PD3,0.00030221315888051174
2000 DP107,0.000302062429738199
2001 TC45,0.0003020405443908688
2005 GE59,0.00029793539155480614
2008 WZ94,0.0002956985618585138
2015 DC200,0.0002934769094769583
2007 AE12,0.0002902409908427202
2015 NU13,0.00028497106152483256
2017 BP31,0.0002844016386636201
2010 PR66,0.0002842374902774133
2011 EL11,0.0002823204037135956
2016 LX48,0.00027328972835184375
2002 GO5,0.0002702671214258176
2016 NO16,0.00026933244663981606
2010 DM56,0.0002660846362321429
1997 XF11,0.00026268782321988365
2015 WG9,0.0002623590905307514
2010 CL19,0.00025414990939330486
2010 XY72,0.0002480590179790623
2001 AD2,0.0002473001515270332
1998 HL1,0.00024227292682910622
2002 JV15,0.00024151079609217475
2004 QB,0.00023932904447651555
2000 RS11,0.00023865407205669908
2001 WN5,0.00023737261381100866
2013 BE19,0.00023339873001649978
1994 RC,0.0002308170369945328
2012 TV78,0.0002304375216066578
1998 KM3,0.00022960127580533865
2000 BF19,0.00022927612978386163
2014 QX432,0.00022791436582026838
2004 XP14,0.00022705448311533273
2003 VE1,0.00022358881785802164
2004 JQ1,0.0002235394062921021
2001 BE10,0.00022330619250242616
2016 HL,0.00022294962792797552
2004 XL35,0.00022286115777316962
2000 CP101,0.00022241545434818622
2015 TV144,0.00022137225214266792
2010 UK8,0.00022099199909610167
2005 CL,0.00021784261470573506
2007 LD,0.00021744443178670956
2004 VW14,0.0002161299313723073
2002 OD20,0.00021353045839069964
2006 SX217,0.00020950546822062622
2011 EU29,0.00020919712754850363
2008 EP6,0.00020757902590504335
2005 FE3,0.00020757902590504335
2013 QJ10,0.00020708479692217743
2002 CU11,0.00020266058964093866
2001 XU30,0.0002026564821663735
2014 XJ3,0.00020163460684284476
1999 TT16,0.0002006798221064868
2010 TX168,0.00020063863599272252
2009 XT6,0.00019899673147281312
2002 DJ5,0.00019768349309133608
2012 QE50,0.0001975337555078397
2008 CH,0.0001970961034465549
2007 DT103,0.00019574491345156534
1991 BN,0.00019537784014987247
2010 SC41,0.00019524639122238323
2002 FC,0.00019178403384068432
2003 TK2,0.0001909857594810981
1999 YG3,0.0001881548338087089
2013 TR132,0.0001873382454689408
2011 TC4,0.00018520717182377808
2012 SW20,0.00018251753798917715
1991 GO,0.00018156451899316558
2005 TR50,0.0001802013693662005
2003 UX34,0.00017985382582245342
2008 CS1,0.00017935114613153055
2008 XM,0.00017860254876462715
2017 BP5,0.00017767556468674232
1993 VB,0.0001776069643290685
2008 OX2,0.000175831994497033
2015 PR228,0.0001750245221294172
1998 QA1,0.00017468904382914347
2010 DA,0.00017421619505224425
2017 BL3,0.00017346437580186745
2006 CJ,0.00017282257498224242
2006 FX,0.00017270666334379107
2000 QS7,0.00017077907017055125
1998 QK28,0.0001666851465750578
2007 HA,0.00016654875617420767
2013 NV,0.00016572660848922973
1991 VH,0.00016434840351975066
2006 VD13,0.00016146829755036917
2016 XW17,0.00016101616683612723
2009 CS,0.0001606217998757815
2007 VD12,0.0001602511172885953
2011 CY46,0.00016004948016821573
2000 DO1,0.00015925543419280147
2002 HP11,0.00015608625105236474
2011 MU,0.00015519269972405475
2007 XH16,0.00015427525573182788
2009 QL8,0.00015368849585764295
2017 AN19,0.00015351197886643547
2005 EK94,0.00015306336069385634
2005 VO5,0.00015122933598285087
2013 YC,0.00014878994287098607
2007 YQ56,0.00014799283245698936
2001 YB5,0.0001478192445030007
2014 WG365,0.00014746214392294244
2002 RW25,0.00014745080850188958
2011 OV18,0.00014722853460797853
2017 BQ93,0.00014715227003076452
2001 KF54,0.00014677568965118374
2008 YU32,0.00014508942250475668
2008 ER7,0.00014371221971734696
2005 SQ,0.00014355240998909782
2015 TK178,0.00014338114955399477
2001 GQ2,0.00014300284716975761
2003 UW29,0.00014284179970352586
2003 CG11,0.00014247002202293175
2012 FQ1,0.0001413050799620317
2006 VQ13,0.00014043191247567583
2011 CT4,0.00014021954366849474
2007 XJ16,0.00013960386306099395
2003 YE45,0.0001390055496062604
2008 AG33,0.000137945395252092
1999 VF22,0.00013778580795265765
2000 HA24,0.00013444562091711885
2000 GV147,0.00013343560211919258
2002 QC7,0.00013272340108689914
1998 QC1,0.00013249771630234519
2004 MD6,0.00013136804688707743
2007 VG,0.00013099366186248014
2015 PM,0.00013012697640423464
2005 YP180,0.0001298423168093947
1998 SZ27,0.00012884751946249303
2013 BP73,0.00012860129010535258
2013 GF69,0.00012823047941114426
2001 YV3,0.00012736964047878346
2013 WF108,0.0001270478985260317
2009 SW17,0.00012635932557229608
2001 KB67,0.0001260013673227082
2015 FP118,0.00012546959348460005
2014 QC3,0.0001253760594810789
2012 OD1,0.00012515921336261955
2012 AD3,0.0001244263474645655
2016 DP,0.00012341812524662335
2007 FE,0.00012252190196488868
2008 AF4,0.00012201838448911308
2000 PP9,0.00012177442700790334
1998 FF14,0.00012121902862083467
2009 EO2,0.0001209708034872838
2008 WQ63,0.00012076001751625452
2011 VU5,0.00012048185087622642
2015 BL311,0.00011885789525009437
2007 PV27,0.00011863462604487173
1996 AW1,0.00011830501018136667
2013 TV135,0.00011734478268413362
2001 GT2,0.00011610725654661283
2007 GS3,0.00011576856808763337
2008 SR1,0.00011534666348781166
2014 WD201,0.00011472900506932206
2014 CD13,0.00011353343334798582
2013 AX52,0.00011336866361949294
2006 CF,0.00011323675050440897
2002 EL6,0.0001120814487177481
2002 SR41,0.0001117792685572335
2006 BQ6,0.00011171266350114952
2010 UQ7,0.00011140911681920435
2016 NG15,0.00011113306477125144
2003 TL4,0.00011105181659026873
2012 XY6,0.00011095562460844084
2000 CO101,0.000110858908989243
2005 UL5,0.00011054634736857184
2002 WQ4,0.00011032780756873091
2005 OE3,0.00011026122195286198
2003 RM10,0.0001100043525655391
2007 JX2,0.00010933162936714522
2012 MM11,0.00010897987057761579
2000 UL11,0.00010883048473711388
2014 SM143,0.00010857346753385277
2006 PA1,0.00010729952392655888
2011 SR5,0.0001058958898708025
2000 CH59,0.00010578053428747801
1989 UQ,0.00010547935129313355
2001 HB,0.00010529149595492583
2004 AR1,0.00010504590582614106
2005 SE71,0.00010466892326390373
2013 LG16,0.0001046300364352025
2011 BY18,0.00010448901906399036
2011 YH28,0.00010441104520001528
2008 OS7,0.00010343709093449287
2004 OB,0.00010263128663052922
1999 GU3,0.00010260372037585574
2005 OX,0.0001022806886181006
2009 CN5,0.00010215377327444123
2004 WK1,0.00010198468484103125
2012 SD22,0.00010155623044530859
2001 LD,0.00010139785549413722
2012 VE82,0.00010108897730846642
2011 CP4,0.00010091881787233579
2003 ED50,9.94837247246326e-05
2007 XK11,9.875669362926787e-05
2007 VT6,9.86587691309534e-05
2006 UK,9.79740126400116e-05
2005 LX36,9.793856426868365e-05
2009 VA26,9.776342193608855e-05
1998 XD12,9.723618518504357e-05
2008 DE,9.70933875804052e-05
2013 WT44,9.57067348994405e-05
2005 EY95,9.512745843264075e-05
2001 HZ7,9.50090681798279e-05
2004 FW1,9.466617969196094e-05
2017 BK92,9.453280924675305e-05
2002 VR85,9.418778854145992e-05
2015 TH145,9.395216227915871e-05
2006 WX1,9.389554482712602e-05
2015 FQ117,9.30338769608027e-05
2000 GJ147,9.29712945530956e-05
2013 LM31,9.217945186666947e-05
2002 AP3,9.20477136019388e-05
2006 US216,9.146403017582372e-05
1990 MF,9.115978657601923e-05
2012 XA133,9.03817120421056e-05
2008 WM64,8.91662314630941e-05
2002 CD14,8.916545057389187e-05
2007 UL12,8.870714729872406e-05
2007 HE15,8.848938375838489e-05
2011 WU95,8.760379987382734e-05
2011 LL2,8.71368228415651e-05
2004 XN14,8.71307050290781e-05
1998 SH2,8.608235461922448e-05
2008 XW2,8.579680586220833e-05
2005 RC34,8.541766375335776e-05
2014 ER49,8.434089382458684e-05
2014 PW59,8.305374141401168e-05
2006 AS2,8.069849612141731e-05
2002 SZ,8.056359160889938e-05
2005 DD,8.03643587182276e-05
2016 CO247,8.029363929722917e-05
2016 YW7,8.028066437659123e-05
1998 SL36,8.008949749608911e-05
2016 XM,7.98924159157976e-05
2012 KA4,7.981880801839056e-05
2016 YT8,7.940586300248115e-05
2008 LV16,7.905320150736786e-05
2016 EU85,7.78393673686307e-05
2004 CL,7.766866386346418e-05
1998 SH36,7.707975236382254e-05
2001 SX169,7.438720744135465e-05
1997 BR,7.33519185884187e-05
2015 TX24,7.332749683501772e-05
2005 WY55,7.325030855349221e-05
2007 RF2,7.293559223185413e-05
2012 TP139,7.268472317607088e-05
2015 NU2,7.261420490191167e-05
2008 BD15,7.246081607081851e-05
2009 UY17,7.153445480674513e-05
2003 KO2,7.124868750895715e-05
2000 AF6,7.097706536004803e-05
2016 NV,7.050673453465216e-05
2002 OA22,7.032984596930044e-05
2005 EA,7.026275651099384e-05
2001 DF47,6.993066180170877e-05
2009 KK,6.912323700962512e-05
2012 UR136,6.869608129456233e-05
2016 LN1,6.838297309733384e-05
2003 RB5,6.822076482337627e-05
1999 GS6,6.820999615740068e-05
2009 ES,6.814412939636583e-05
2011 QD48,6.753716754028168e-05
2007 TS19,6.606685493050311e-05
2003 QH5,6.592910746326998e-05
1996 JA1,6.561315277314056e-05
2006 WT1,6.510041233795268e-05
2005 WC1,6.471359577761762e-05
2005 QZ151,6.465155345103933e-05
2000 EV70,6.407999588644988e-05
2004 MD,6.364743384946415e-05
2008 DJ,6.360766337428559e-05
2013 RZ73,6.346355884127645e-05
2016 BP14,6.28215883673205e-05
2009 WM1,6.264194909207975e-05
2013 QR1,6.216613896193305e-05
2016 HN3,6.140960470604775e-05
2005 AV27,6.115530404327636e-05
2006 WJ3,6.0551746762883054e-05
2003 EF54,6.0545558689997115e-05
2015 NZ13,5.9841871498422194e-05
2003 SD220,5.9637404709809744e-05
2015 DH155,5.8963909164631856e-05
2007 RV9,5.878450797093365e-05
1998 HT31,5.867658128734143e-05
1998 XN2,5.84627221770351e-05
2013 BO76,5.805453234236837e-05
2003 TR9,5.7585762172637955e-05
2013 BO73,5.7205807439489814e-05
2007 VM184,5.67102347994384e-05
2002 KG4,5.65476144760101e-05
2004 JA27,5.615660199666199e-05
2002 AY1,5.6010914606463e-05
2016 KR3,5.5792794158956055e-05
2005 UR,5.578123352647455e-05
2012 HZ33,5.575426596757475e-05
2015 WA2,5.568361493751896e-05
2017 CS,5.550618855835339e-05
2011 UH20,5.5263560878924606e-05
2015 BN509,5.482621117529803e-05
2004 UR1,5.481218143951355e-05
2006 LD1,5.453350900530355e-05
2009 FU23,5.447637519266633e-05
1998 BB10,5.44728041069292e-05
2015 EO61,5.445852412391484e-05
2013 YP139,5.398605578252319e-05
1992 FE,5.3903541131631714e-05
2015 UR51,5.379216834797167e-05
2006 RZ,5.374052072351925e-05
2005 TS15,5.347193440997876e-05
2011 EG17,5.344210382803675e-05
2008 XQ2,5.335531423347937e-05
2002 AS4,5.2823874172677705e-05
2006 TA8,5.238318681715463e-05
2007 RU9,5.199020895470749e-05
2009 TK12,5.137380479678544e-05
2005 CJ,5.12084588154066e-05
2011 JA,5.067027487079326e-05
2014 WZ120,5.03791978928841e-05
2013 FA8,4.9881780150496e-05
2007 YV56,4.962272174569962e-05
2003 WP21,4.939420607384403e-05
2005 WB1,4.927500058452801e-05
2006 MZ1,4.918906702429486e-05
2014 DN112,4.915309995687357e-05
2011 CC22,4.915046780928646e-05
2011 GA,4.9124299677831134e-05
2006 WH1,4.90206778642059e-05
2002 TD66,4.8933665631784765e-05
2005 GJ8,4.8797279917890496e-05
2013 JN7,4.83375465560628e-05
1994 XL1,4.832309677821621e-05
2007 TL23,4.830721071387901e-05
1997 QK1,4.765514616458463e-05
2010 GU21,4.73356900166509e-05
2013 VO5,4.729269793237342e-05
1998 VD35,4.679790055037674e-05
2010 DW1,4.647380425491011e-05
1998 SU4,4.615138029500455e-05
2011 BM45,4.612706008540738e-05
2007 AB2,4.566775483599407e-05
6344 P-L,4.556811450542469e-05
2013 QU1,4.544311949176666e-05
2011 YE6,4.531559691088903e-05
2006 HV5,4.493364507776574e-05
2001 SG10,4.477422409327383e-05
2016 NL56,4.458518651389932e-05
2010 JE88,4.440120469211615e-05
2015 HR11,4.437312885241882e-05
2017 BF3,4.3811360614204125e-05
2016 TA57,4.367952484912154e-05
2006 HT30,4.354194759034212e-05
1998 XX2,4.346697454245195e-05
2006 VC,4.1764366793629874e-05
2003 DX10,4.1650964041416834e-05
2012 BU61,4.141564704550669e-05
2004 BW58,4.125298965394754e-05
2015 CV13,4.0875043233451125e-05
2013 EV108,4.073207100116868e-05
2007 DY40,4.065957541773804e-05
2010 XA68,4.05828177498569e-05
2011 UG20,4.052100078889742e-05
2014 WE365,3.9927737369707725e-05
2016 BE1,3.934014578077222e-05
2005 EW169,3.9188164576765605e-05
2014 PG51,3.916760020179031e-05
2014 QO296,3.913035027857681e-05
2000 GF2,3.90872832782086e-05
2005 YQ96,3.895551716603578e-05
1995 CR,3.876857394946172e-05
2006 SF6,3.867761260194263e-05
2010 VZ,3.704012447224231e-05
2008 RG1,3.688236256720093e-05
1998 VF32,3.6617679809149916e-05
2011 YG6,3.650121666831042e-05
2001 FC58,3.6408598781192124e-05
2005 WK4,3.6346185994420556e-05
2008 EM7,3.617210092510756e-05
2016 FG60,3.617210092510756e-05
2001 TX44,3.6161277037360895e-05
2000 UG11,3.6003005165133255e-05
2013 ED28,3.594889667896382e-05
2015 BN311,3.580604071506639e-05
2000 ED14,3.5783991061861984e-05
2003 AF23,3.575132783847181e-05
2011 KO17,3.5622373876961616e-05
2004 GE2,3.559606556504541e-05
2014 KP84,3.53597109050518e-05
2016 KL1,3.530105005991865e-05
2000 EE104,3.524816878034208e-05
2008 OC6,3.506103076988452e-05
2013 EM20,3.4943071937251966e-05
2002 MX,3.427132944257907e-05
2006 HD2,3.408910631899118e-05
2011 YV62,3.3716972220430397e-05
2008 UE7,3.369177999415859e-05
2001 FA58,3.356849480519645e-05
2007 AG,3.345845051656213e-05
2013 KZ1,3.320586503493161e-05
2014 HQ124,3.309376501919313e-05
2008 YF,3.2893090998221496e-05
2009 DM45,3.28656623741451e-05
2000 SP43,3.2684970007598076e-05
2007 DL41,3.2661899079050546e-05
2009 BD81,3.2241399829946114e-05
2007 TU24,3.2038464945792486e-05
2002 AV,3.180803314275568e-05
2001 HY7,3.166915561406127e-05
2002 LX64,3.1652944653400155e-05
2006 BX39,3.163875711393414e-05
2002 MR3,3.1543769655549484e-05
2012 BJ86,3.124901467581463e-05
2008 QS11,3.1216980837474636e-05
2010 XC25,3.118348668087447e-05
2003 UV11,3.1131595293855365e-05
2013 JL22,3.0972934176174975e-05
1999 JV6,3.090113403979111e-05
2000 QW7,3.087176188156705e-05
2010 CO1,3.085200584435278e-05
2008 DG5,3.076343752600777e-05
2015 JD1,3.0549313719864636e-05
2008 DK5,3.0189368366066303e-05
2008 RM98,2.9783496043634336e-05
2005 TU50,2.9747047338229214e-05
2015 DV215,2.962809860878446e-05
2016 XG1,2.955239316464259e-05
2003 GY,2.9447438264372616e-05
2002 QW47,2.9389290900176122e-05
1990 UA,2.9382424535553566e-05
2005 YU55,2.9337685410658725e-05
2014 EQ49,2.9228836520337224e-05
2008 TZ3,2.9175685578680744e-05
2007 AV2,2.8971019580931685e-05
2009 KD3,2.8821002118790614e-05
2004 UU1,2.831241507674607e-05
2007 ED125,2.823310176917595e-05
2006 TS7,2.8082434125316482e-05
2012 LK11,2.8081740268092625e-05
1988 TA,2.7924031324838765e-05
2004 QD14,2.7849394261385238e-05
2012 XJ134,2.781958757146744e-05
2016 XA2,2.747709738644245e-05
2008 SC,2.7463828666101786e-05
2003 AA3,2.737287811482595e-05
2014 MF6,2.7371871932705968e-05
2016 AC65,2.7275503648101003e-05
2005 UW6,2.7117548633268913e-05
2003 WR21,2.6874241070117353e-05
2014 TN17,2.664424602135516e-05
2014 KT76,2.6626379368741464e-05
2009 XO,2.636172069951355e-05
1998 VO,2.6116080487675192e-05
2001 PT9,2.5926114980236234e-05
2005 VR7,2.5802769836053264e-05
2002 LX,2.5766821064004723e-05
2001 OY13,2.5679844751508496e-05
2006 GB,2.556447642765299e-05
2015 LK24,2.5497429074615105e-05
2001 YE4,2.539864403398656e-05
2003 MK4,2.539864403398656e-05
2016 PF8,2.502356648608374e-05
2011 PO1,2.4999614197201873e-05
2001 FE90,2.4971418923214964e-05
2000 YF29,2.481058725402171e-05
2000 RD53,2.4604640390306244e-05
2006 SU49,2.45016738512031e-05
2012 PS4,2.4469041096754806e-05
2010 LN14,2.4112719271203418e-05
2004 KB,2.3971223272045205e-05
2012 VF37,2.3791966619807373e-05
2010 LE15,2.3558475890291136e-05
2002 QQ40,2.3451868987312195e-05
2016 QJ44,2.3141554526868178e-05
2013 GS66,2.312545441138356e-05
2011 UW158,2.3048325276412542e-05
1999 DB7,2.2977642838425852e-05
2014 OJ392,2.2721183339247882e-05
1999 MN,2.2586999692537458e-05
2016 BV14,2.2546908367262743e-05
2012 MU2,2.246233568901779e-05
2005 QC5,2.2389702231354905e-05
2006 SS134,2.2284932005637467e-05
2013 QC11,2.2276869546635815e-05
2016 GD135,2.2097654699914554e-05
2013 GH84,2.185601529257534e-05
2003 HB,2.1402815978909345e-05
1998 SY14,2.139670648160813e-05
1998 HH49,2.1018976858832632e-05
2012 FO62,2.0960339382050098e-05
2007 MK13,2.0956867959238106e-05
2013 SW24,2.0937136956053635e-05
2005 MO13,2.085663221043539e-05
1998 WT24,2.0856267306415363e-05
2008 EL6,2.076258884745014e-05
2015 DR215,2.0735168125954277e-05
2012 YQ1,2.0692974181113847e-05
1998 SC15,2.0685806414066626e-05
2012 TY52,2.0652071238314633e-05
2016 EF28,2.0632546442683435e-05
2013 GA80,2.0584611972792962e-05
2010 BB,2.0560072895135938e-05
2001 GR2,2.0464440348369204e-05
2008 AZ30,2.037797650177691e-05
2015 MW53,2.0218664350890044e-05
2010 JJ41,2.0211071273482457e-05
2016 WJ1,2.0204646268848697e-05
2002 VE68,2.011886678972601e-05
2007 BD7,2.0071360283652113e-05
2015 JA2,2.0015124988963424e-05
2008 OX1,2.000479291415587e-05
2009 BE81,1.996907809470879e-05
2002 AC9,1.9961920034986463e-05
2004 MP7,1.9951889666723066e-05
2011 WL2,1.991634153380427e-05
1997 WQ23,1.9889837384091635e-05
2016 EJ56,1.9849755769071162e-05
2008 XM1,1.9848896135547174e-05
2004 VB,1.976922224767389e-05
2004 TP1,1.9729954078623326e-05
2004 TL10,1.967969328608614e-05
2005 AY28,1.9573641899370412e-05
2006 AM4,1.9402325870844972e-05
2005 JU1,1.93852849341725e-05
2007 AC2,1.9383271292204458e-05
2011 AT26,1.9342726692485872e-05
2006 UL217,1.933732799245872e-05
2005 TP,1.932077286409566e-05
2010 JE87,1.928074530180575e-05
2011 TX8,1.9234245240549316e-05
2000 CE59,1.9215779261553307e-05
1993 VD,1.912713351739967e-05
2016 FC13,1.902390360519327e-05
2016 LW9,1.9021544335909327e-05
2016 FY3,1.901500986776683e-05
2015 KJ122,1.8853024690168042e-05
2010 YB,1.882811990718129e-05
2000 QV7,1.877024925180924e-05
2012 QG42,1.8768303605854515e-05
2015 TY237,1.8594003755720278e-05
2016 JP,1.8561057059642385e-05
2010 CN44,1.855608921118894e-05
2010 FC81,1.85233578773023e-05
2016 NG33,1.847604503280511e-05
2006 XD2,1.8357808846359062e-05
2012 VE46,1.8266164051185503e-05
2006 CY10,1.8239608792348777e-05
2009 HV2,1.8199043171632796e-05
2012 YO1,1.8172658190438033e-05
2012 GV17,1.816093931673698e-05
2001 SY269,1.8154728637810382e-05
2014 WT202,1.8100903194779813e-05
2015 SY16,1.787577867855321e-05
2015 XE352,1.7749403191261793e-05
1999 TO13,1.7731507907472286e-05
2016 XC18,1.7606247904776433e-05
2002 JZ8,1.7425059504207148e-05
2016 VC1,1.7400680825899817e-05
2015 XU378,1.737747672644704e-05
2009 EP2,1.7375080294395965e-05
1998 BY7,1.727449514354684e-05
2004 UE,1.7250384496271548e-05
2005 GL,1.7209869556728635e-05
2011 BN24,1.6886744077430754e-05
2010 TH19,1.6830390831587786e-05
2015 FV284,1.682408364575507e-05
2003 YL118,1.667675683825909e-05
2014 HK129,1.666106751741925e-05
2013 VY13,1.6643517903288035e-05
1997 GD32,1.6590425135862392e-05
1998 OX4,1.641423710265218e-05
2008 UW91,1.629198945500723e-05
1999 AQ10,1.6265315994071005e-05
2009 VW,1.626463755746481e-05
2016 WG9,1.6109906262619393e-05
2003 GG21,1.6080683365286916e-05
2007 LU19,1.5802517436823967e-05
2001 QC34,1.570588188334991e-05
2008 AX1,1.5664433103786766e-05
1998 HD14,1.5592998464762796e-05
2010 KQ10,1.5436862218922886e-05
2016 CW193,1.5228578208888139e-05
2012 NN,1.5202325920742158e-05
2001 SG286,1.5202325920742158e-05
2013 JR28,1.513060359742772e-05
2003 GR22,1.5125837339523348e-05
2013 RH74,1.5078604555670992e-05
2007 VZ137,1.5021708909634736e-05
2009 BE58,1.4953015891374527e-05
2015 YU7,1.4929443727668418e-05
2012 BS23,1.4785644843039924e-05
2011 DU,1.4545887591511134e-05
2004 HC39,1.4539221743119157e-05
2017 AE3,1.4210264544722755e-05
2012 VL6,1.414877385688048e-05
2000 CM33,1.4116562657635424e-05
1998 QP,1.4012157482704997e-05
2001 TA2,1.3898167119369077e-05
2011 EO40,1.3892217301497131e-05
2014 EG45,1.388913899005766e-05
2002 JE9,1.3865201805690226e-05
1990 OS,1.3835910982382466e-05
2016 AA10,1.3795614355194737e-05
2013 FW13,1.377322129637888e-05
2013 XW3,1.3640260364625735e-05
2009 XZ1,1.3586927180061396e-05
2000 LF3,1.3577575651588938e-05
2002 PF43,1.3530491889767043e-05
2004 XL14,1.3510900886622294e-05
2012 UR138,1.3469519897485537e-05
2000 EW70,1.3391809091043073e-05
2005 GY8,1.3377002504561326e-05
2009 UQ,1.3251460438992786e-05
2006 QQ23,1.3239282330957293e-05
2010 WV8,1.3183727987053857e-05
2010 RF181,1.3147282805653735e-05
2010 MF1,1.3030240628662589e-05
2010 XP69,1.3008123054823878e-05
2001 SQ3,1.2995936605351122e-05
2012 MJ6,1.2952010556529513e-05
2003 BR47,1.2937342606209941e-05
2002 UK11,1.2845226075844787e-05
2014 CU13,1.2830608465562461e-05
2017 BS31,1.278680556677452e-05
2003 MS2,1.2757133524312873e-05
2011 AM24,1.2748036662656708e-05
2008 XN,1.249029764900673e-05
2014 AF51,1.2435050182478336e-05
2016 UZ25,1.2420443444602268e-05
2001 XR30,1.2299105271464264e-05
2009 FE,1.219854146357446e-05
2009 JR,1.2198506306877726e-05
2009 OF,1.215146588661568e-05
2014 NB52,1.2067783916678917e-05
2009 SN,1.1999063502894932e-05
2008 PK3,1.199406341914995e-05
2002 LT38,1.1856871032469696e-05
2008 TC4,1.1771101056150184e-05
2001 VB76,1.1705507414533365e-05
2003 MH4,1.1638188882348052e-05
2012 BB124,1.1618194794040742e-05
2011 JD1,1.157462993376137e-05
2002 DU3,1.1570996927211232e-05
2008 JV19,1.1512778167094241e-05
2015 NK13,1.1444993081705312e-05
2004 XO,1.1392607463018195e-05
2015 DG200,1.1387848481346616e-05
2008 SY148,1.1361434101487018e-05
2000 KA,1.1342135757197338e-05
2003 BB21,1.1332842287326387e-05
2013 WR67,1.1274259473499045e-05
2016 QE45,1.127409476534553e-05
2004 TB10,1.1272384537731213e-05
2014 YQ15,1.1119057557413001e-05
2014 VL6,1.1033573693125406e-05
2005 WA1,1.1020298845120333e-05
1999 FA,1.0976112832157e-05
2008 KV2,1.0956896978558198e-05
2017 AY13,1.0860397801920515e-05
2006 HQ30,1.0847021734576847e-05
2003 YX1,1.0782397063579173e-05
2011 TK,1.0754615336758451e-05
2015 BK515,1.0744820930362579e-05
2005 WD,1.0614200819928273e-05
2007 DS84,1.0434519743590816e-05
1999 FR19,1.0365633309838264e-05
2000 RW37,1.0293511571550285e-05
2003 CC,1.02508174827513e-05
2007 EF,1.019093725600581e-05
2009 DR3,1.0164960061948048e-05
2003 RB,9.857649717840017e-06
2013 UX,9.793092360908632e-06
2012 XD112,9.769352985255833e-06
2002 AW,9.75404668831422e-06
2002 CQ11,9.742831251456524e-06
2004 FJ11,9.722965750358557e-06
1994 UG,9.664023803325682e-06
2010 WZ8,9.594146991549024e-06
2016 NQ32,9.566007982071462e-06
2008 HB38,9.526024711370327e-06
2007 TH1,9.49517580649462e-06
2007 VK184,9.447936199126805e-06
2015 AY245,9.371562182388551e-06
2005 EE,9.327364376839552e-06
2015 UK52,9.159214331528044e-06
2000 GE2,9.110241294176369e-06
2012 DK31,9.089648670644919e-06
2006 UO,8.93632380265253e-06
2017 BQ6,8.914048963584685e-06
2007 JH22,8.913015843451746e-06
2013 CW32,8.885510331727256e-06
2010 FR,8.790407991259001e-06
2014 YW34,8.72265943456663e-06
2009 VZ,8.673490749633339e-06
2014 SP142,8.587948571356268e-06
2008 FW5,8.54269622478585e-06
2011 CX46,8.482399950143507e-06
2011 OA,8.384188328109182e-06
2004 EW,8.37210724538776e-06
2013 HT15,8.366832249040956e-06
2013 GR38,8.31684381870917e-06
2009 QS,8.305232479755669e-06
2005 XT77,8.28638440519828e-06
2014 OM339,8.247473125473098e-06
2002 JX8,8.245199600586146e-06
2013 AN20,8.217316292250831e-06
2016 PN38,8.199062596603884e-06
2015 CX12,8.1015200844783e-06
2008 XA2,7.98772655437606e-06
2007 US12,7.94615720926263e-06
2014 KQ76,7.90435121974372e-06
2013 TT135,7.696194699171447e-06
2006 TU7,7.696194699171447e-06
1989 VB,7.537051240616957e-06
2008 PJ9,7.5049923621139075e-06
2008 HH,7.482656087705844e-06
2011 DV,7.474836727261055e-06
2003 HG2,7.411891928115152e-06
2005 JU81,7.407293095467224e-06
2011 BO59,7.394312025862682e-06
2016 EH157,7.3810575868898204e-06
2016 PO38,7.378026161520628e-06
2006 ON1,7.377497222830691e-06
2006 BE55,7.3272342319513824e-06
1999 SO5,7.3247955722914e-06
2012 OQ,7.294141759826323e-06
2012 OO,7.260899025491609e-06
2012 XS111,7.2568165427960464e-06
2011 LT17,7.228181509841859e-06
2011 LJ19,7.2270253115774186e-06
2003 SS84,7.208448667959247e-06
2009 FF,7.173639308747873e-06
2010 XB24,7.127357885609231e-06
2012 VO6,7.061375011475391e-06
2005 LW3,6.978109275182741e-06
2016 SJ1,6.970257079149626e-06
2015 XK261,6.950482948380819e-06
2015 AH,6.877062106586487e-06
2016 JW5,6.869313342084043e-06
2014 YB35,6.860283912144487e-06
2007 FF1,6.849384426992014e-06
2010 JV34,6.797288931120268e-06
1999 YD,6.767035100835884e-06
1997 XR2,6.7215218356890796e-06
2010 NY65,6.6894700363536365e-06
2016 JU33,6.65706345991878e-06
2005 GD60,6.598651763490763e-06
2004 RQ10,6.592301479320582e-06
2006 HC2,6.583663497281509e-06
2010 XC15,6.571397708017743e-06
2014 YR15,6.557657204284416e-06
2010 JG,6.520791494488719e-06
2017 BR31,6.512079294297792e-06
2016 FC15,6.384354916265789e-06
2016 UF101,6.363489736719044e-06
2013 JM14,6.2260369222612555e-06
2003 GP51,6.183322971376513e-06
2015 FC35,6.125860569573475e-06
2003 AC23,6.082061831790452e-06
2000 QK130,6.055055678737825e-06
2001 US16,6.051183741825973e-06
2008 SH82,6.04632896276952e-06
2010 DO,5.9806836512226e-06
2010 VT11,5.959652540977816e-06
2004 FG11,5.957443335916652e-06
2014 OT111,5.911783611152794e-06
2016 TR54,5.870185577608133e-06
2003 YS17,5.810889458885422e-06
2003 GQ22,5.785312908617724e-06
2001 VJ5,5.733780972085765e-06
2014 QK434,5.690006489147678e-06
1999 UR,5.669802080529866e-06
2006 CU,5.66050656863743e-06
2013 US3,5.6594301285152895e-06
2009 SQ104,5.610717108906007e-06
2004 FY31,5.550884587782326e-06
2010 AF30,5.496287085668012e-06
2015 XW377,5.489782777473427e-06
2004 KH17,5.4786277188279505e-06
2016 CL136,5.42124573007769e-06
2010 SH13,5.383225216559513e-06
2008 WN2,5.312443506715555e-06
2012 XO111,5.310691644019441e-06
2014 TY33,5.219466127946128e-06
2012 FG58,5.186965582405379e-06
2013 WT45,5.174386592151181e-06
2006 VG13,5.115574046066284e-06
2002 TB70,5.0235619876827585e-06
2014 NG65,4.871060947001401e-06
2011 EJ47,4.784335546696934e-06
2010 DF1,4.768814125127496e-06
2008 RV,4.730605215850239e-06
2001 JV1,4.729156387225295e-06
2014 MK55,4.724672182606653e-06
2016 AK193,4.65098084460125e-06
2010 JN71,4.62713944329365e-06
2004 CO49,4.578664676512521e-06
2008 EV5,4.549791942723635e-06
2001 XP31,4.5447882878377915e-06
2007 CN26,4.470630369538165e-06
2016 AZ8,4.290299808941833e-06
2003 WH166,4.286026162836245e-06
2010 KX7,4.2361448869524085e-06
2006 KL21,4.2060209114387675e-06
2000 AF205,4.069966292900235e-06
2005 PA5,4.065650777950921e-06
2010 TP54,4.022330092097832e-06
2011 EM51,4.0207332826923e-06
2016 AF193,3.9555553016327085e-06
2001 YP3,3.91317489770123e-06
2013 FX7,3.854467212449132e-06
2014 MP5,3.774426046186537e-06
2009 EK1,3.7323609319171045e-06
2011 BT15,3.7073320639022417e-06
2012 KC6,3.5749156853262384e-06
1999 LK1,3.5569871073723797e-06
2006 KV89,3.523206085468451e-06
2007 YU56,3.4843295496683147e-06
2003 TO9,3.430598759979286e-06
2013 WR43,3.421609764353244e-06
1989 UP,3.413346767550344e-06
2003 BH,3.3714128482158677e-06
2000 EA14,3.3665261748425968e-06
2010 ON101,3.3588615654574935e-06
2006 KM103,3.3588615654574935e-06
2012 XF133,3.331998598884374e-06
2003 RS1,3.32955458011636e-06
2000 EH26,3.1753183487205205e-06
2013 CU83,3.1519337620509636e-06
2011 AG5,3.1061735284130024e-06
2002 AT4,3.0295596347694935e-06
2007 GQ3,2.9620802092122754e-06
2013 LF7,2.948886104411289e-06
2009 BL71,2.8568859013632494e-06
2014 SS1,2.839390496404666e-06
2004 PJ2,2.8377564267646174e-06
2000 SL10,2.7910398208320384e-06
2002 CZ9,2.6772533936067386e-06
2007 SR11,2.6348303325174995e-06
2011 AK5,2.631798994762428e-06
1993 BX3,2.5641419144011213e-06
2008 CN1,2.3996415455641753e-06
2004 SS,2.371876829257788e-06
2010 PK9,2.303390536639242e-06
2016 PR38,2.2917431123925224e-06
2015 BY310,2.2295663000047806e-06
1998 WB2,1.9005386253570363e-06
2008 HS3,1.8729266458460132e-06
2016 BC14,1.8267178716131158e-06
2015 VE1,1.7661035941918464e-06
2015 GY,1.6962003383029815e-06
2012 EY11,1.6483192835445078e-06
2009 DL46,1.6427249499763716e-06
2009 FY4,1.574551147122137e-06
2002 NV16,1.5639729053802338e-06
2011 UV63,1.5569063869672214e-06
2015 BW310,1.5517528440995905e-06
2009 WZ104,1.545970012932013e-06
2007 SQ6,1.419135693836839e-06
2013 BZ45,1.4013831643394423e-06
2015 RH2,1.3341507690559828e-06
2014 KS40,1.311185298508441e-06
2013 NJ,1.2858398769512555e-06
2016 JC6,1.2700370394275633e-06
2005 ED318,1.1549073238759915e-06
2006 UQ17,1.0569618256405355e-06
2015 DP155,1.0165398473415505e-06
2010 BK2,9.648483646989118e-07
2000 AC6,9.265555613515145e-07
2014 AY28,9.191659867252231e-07
2011 CG2,8.328241402645656e-07
2014 YS34,7.363845043386646e-07
2010 VD72,6.557318457869896e-07
2010 FF10,5.862389000629271e-07
2000 AZ93,4.6034695411935994e-07
